datasheet_id|line|Col1|Col2|Col3|Col4|Col5
8|0|RemainingW|M|S|A|
8|1|7-12|"7"""|7|5|
8|2|4-6|"6"""|6|6|
8|3|1-3|"5"""|5|7|
26|0|RemainingW|M|S|A|
26|1|6-10|"12"""|6|3|
26|2|3-5|"8"""|5|D3|
26|3|1-2|"6"""|4|1|
29|0|RemainingW|M|BS|A|
29|1|7-12|"20-60"""|5+|3|
29|2|4-6|"20-40"""|5+|D3|
29|3|1-3|"20-30"""|6+|1|
30|3|1-3|"20-30"""|6+|1|
30|2|4-6|"20-40"""|5+|D3|
30|0|RemainingW|M|BS|A|
30|1|7-12|"20-60"""|5+|3|
31|0|RemainingW|M|BS|A|
31|1|7-12|"20-60"""|5+|3|
31|2|4-6|"20-40"""|5+|D3|
31|3|1-3|"20-30"""|6+|1|
32|0|RemainingW|M|BS|A|
32|1|7-12|"20-60"""|4+|3|
32|2|4-6|"20-40"""|5+|D3|
32|3|1-3|"20-30"""|6+|1|
39|0|RemainingW|M|S|A|
39|1|9-16|"12"""|8|6|
39|2|5-8|"9"""|6|D6|
39|3|1-4|"6"""|4|D3|
42|3|1-6|"6"""|5+|2|
42|2|7-12|"7"""|4+|3|
42|0|RemainingW|M|WS|A|
42|1|13-24|"8"""|3+|4|
43|0|RemainingW|M|WS|A|
43|1|13-24|"8"""|3+|5|
43|2|7-12|"7"""|4+|4|
43|3|1-6|"6"""|5+|3|
46|0|RemainingW|M|WS|A|
46|1|31-40|"10"""|3+|6|
46|2|21-30|"9"""|4+|5|
46|3|11-20|"8"""|4+|4|
46|4|1-10|"6"""|5+|3|
50|3|1-2|"D6"""|4|1|
50|2|3-5|"3+D6"""|5|2|
50|1|6-11|"6+D6"""|6|4|
50|0|RemainingW|M|S|A|
51|0|RemainingW|M|S|A|
51|1|10-18|"10"""|8|4|
51|2|5-9|"8"""|7|3|
51|3|1-4|"6"""|6|2|
52|0|RemainingW|M|WS|A|
52|1|9-16|"8"""|3+|4|
52|2|5-8|"6"""|4+|3|
52|3|1-4|"4"""|5+|2|
53|2|5-8|"9"""|6|D6|
53|3|1-4|"6"""|4|D3|
53|0|RemainingW|M|S|A|
53|1|9-16|"12"""|8|6|
54|3|1-3|"7"""|4|1|
54|2|4-6|"10"""|5|2|
54|1|7-12|"14"""|6|4|
54|0|RemainingW|M|S|A|
55|0|RemainingW|M|S|A|
55|1|9-16|"12"""|8|6|
55|2|5-8|"9"""|6|D6|
55|3|1-4|"6"""|4|D3|
56|0|RemainingW|M|S|A|
56|1|13-24|"12"""|8|8|
56|2|7-12|"9"""|7|6|
56|3|1-6|"6"""|6|4|
57|0|RemainingW|M|WS|BS|A
57|1|6-10|"16"""|3+|5+|3
57|2|3-5|"14"""|4+|6+|D3
57|3|1-2|"12"""|5+|6+|1
58|4|1-10|"6"""|5+|3|
58|3|11-20|"8"""|4+|4|
58|0|RemainingW|M|WS|A|
58|1|31-40|"10"""|3+|6|
58|2|21-30|"9"""|4+|5|
59|0|RemainingW|M|S|A|
59|1|19-36|"10"""|12|8|
59|2|10-18|"8"""|10|7|
59|3|1-9|"6"""|8|6|
109|0|RemainingW|M|BS|A|
109|1|6-10|"12"""|3+|3|
109|2|3-5|"6"""|4+|D3|
109|3|1-2|"3"""|5+|1|
110|3|1-2|"3"""|5+|1|
110|2|3-5|"6"""|4+|D3|
110|0|RemainingW|M|BS|A|
110|1|6-10|"12"""|3+|3|
111|0|RemainingW|M|BS|A|
111|1|6-10|"12"""|3+|3|
111|2|3-5|"6"""|4+|D3|
111|3|1-2|"3"""|5+|1|
113|0|RemainingW|M|BS|A|
113|1|6-10|"20-60"""|3+|3|
113|2|3-5|"20-45"""|4+|D3|
113|3|1-2|"20-30"""|5+|1|
114|3|1-2|"20-30"""|5+|1|
114|2|3-5|"20-40"""|4+|D3|
114|1|6-10|"20-50"""|3+|3|
114|0|RemainingW|M|BS|A|
119|0|RemainingW|M|BS|A|
119|1|6-11|"12"""|3+|3|
119|2|3-5|"6"""|4+|D3|
119|3|1-2|"3"""|5+|1|
120|0|RemainingW|M|BS|A|
120|1|6-11|"12"""|3+|3|
120|2|3-5|"6"""|4+|D3|
120|3|1-2|"3"""|5+|1|
121|2|3-5|"5"""|4+|D3|
121|3|1-2|"3"""|5+|1|
121|0|RemainingW|M|BS|A|
121|1|6-11|"10"""|3+|3|
122|2|3-5|"5"""|4+|D3|
122|3|1-2|"3"""|5+|1|
122|0|RemainingW|M|BS|A|
122|1|6-11|"10"""|3+|3|
123|2|3-5|"5"""|4+|D3|
123|3|1-2|"3"""|5+|1|
123|0|RemainingW|M|BS|A|
123|1|6-11|"10"""|3+|3|
124|0|RemainingW|M|BS|A|
124|1|8-14|"20-45"""|3+|6|
124|2|4-7|"20-35"""|4+|D6|
124|3|1-3|"20-25"""|5+|D3|
125|0|RemainingW|M|BS|A|
125|1|9-16|"10"""|3+|6|
125|2|5-8|"5"""|4+|D6|
125|3|1-4|"3"""|5+|D3|
126|2|5-8|"5"""|4+|D6|
126|3|1-4|"3"""|5+|D3|
126|0|RemainingW|M|BS|A|
126|1|9-16|"10"""|3+|6|
127|0|RemainingW|M|BS|A|
127|1|9-16|"10"""|3+|6|
127|2|5-8|"5"""|4+|D6|
127|3|1-4|"3"""|5+|D3|
128|0|RemainingW|M|BS|A|
128|1|9-16|"10"""|3+|6|
128|2|5-8|"5"""|4+|D6|
128|3|1-4|"3"""|5+|1|
140|3|1-4|"3"""|5+|1|
140|0|RemainingW|M|BS|A|
140|1|9-16|"10"""|3+|6|
140|2|5-8|"5"""|4+|D6|
243|2|9-15|5+|||
243|3|1-8|6+|||
243|0|RemainingW|BS|||
243|1|16-30|4+|||
389|0|RemainingW|M|BS|A|
389|1|7-13|"9"""|3+|5|
389|2|4-6|"7"""|4+|4|
389|3|1-3|"5"""|5+|3|
391|0|RemainingW|M|BS|A|
391|1|9-16|"10"""|3+|6|
391|2|5-8|"5"""|4+|D6|
391|3|1-4|"3"""|5+|D3|
392|0|RemainingW|M|BS|A|
392|1|9-16|"10"""|3+|6|
392|2|5-8|"5"""|4+|D6|
392|3|1-4|"3"""|5+|D3|
393|3|1-4|"3"""|5+|D3|
393|2|5-8|"5"""|4+|D6|
393|1|9-16|"10"""|3+|6|
393|0|RemainingW|M|BS|A|
395|0|RemainingW|M|BS|A|
395|1|6-10|"12"""|3+|3|
395|2|3-5|"6"""|4+|D3|
395|3|1-2|"3"""|5+|1|
396|0|RemainingW|M|BS|A|
396|1|6-10|"12"""|3+|3|
396|2|3-5|"6"""|4+|D3|
396|3|1-2|"3"""|5+|1|
398|3|1-3|"20-25"""|5+|D3|
398|0|RemainingW|M|BS|A|
398|1|8-14|"20-45"""|3+|6|
398|2|4-7|"20-35"""|4+|D6|
420|2|4-6|"8"""|5+|D3|
420|3|1-3|"4"""|5+|1|
420|0|RemainingW|M|BS|A|
420|1|7-12|"12"""|4+|3|
421|0|RemainingW|M|BS|A|
421|1|8-14|"12"""|4+|6|
421|2|5-7|"8"""|5+|5|
421|3|1-4|"4"""|6+|4|
424|0|RemainingW|M|BS|A|
424|1|7-13|"12"""|4+|3|
424|2|4-6|"8"""|5+|D3|
424|3|1-3|"4"""|6+|1|
425|0|RemainingW|M|BS|A|
425|1|7-12|"20-50"""|4+|3|
425|2|4-6|"20-30"""|5+|D3|
425|3|1-3|"20-25"""|6+|1|
426|3|1-3|"20-25"""|6+|1|
426|2|4-6|"20-30"""|5+|D3|
426|0|RemainingW|M|BS|A|
426|1|7-12|"20-50"""|4+|3|
430|0|RemainingW|M|BS|A|
430|1|8-14|"12"""|4+|3|
430|2|4-7|"8"""|5+|D3|
430|3|1-3|"4"""|6+|1|
431|0|RemainingW|M|BS|A|
431|1|8-14|"12"""|3+|3|
431|2|4-7|"8"""|4+|D3|
431|3|1-3|"4"""|5+|1|
432|0|RemainingW|M|BS|A|
432|1|8-14|"12"""|4+|3|
432|2|4-7|"8"""|5+|D3|
432|3|1-3|"4"""|6+|1|
434|3|1-5|6+|6|1|
434|2|6-11|5+|7|D3|
434|1|12-22|4+|8|3|
434|0|RemainingW|BS|S|A|
444|0|RemainingW|M|BS|A|
444|1|8-14|"18"""|4+|4|
444|2|4-7|"12"""|5+|3|
444|3|1-3|"6"""|5+|2|
445|0|RemainingW|M|BS|A|
445|1|8-15|"8"""|4+|4|
445|2|4-7|"6"""|5+|3|
445|3|1-3|"4"""|5+|2|
446|0|RemainingW|M|BS|A|
446|1|16-30|"10"""|3+|4|
446|2|8-15|"8"""|4+|3|
446|3|1-7|"6"""|5+|2|
453|2|4-7|"20-45"""|5+|D3|
453|3|1-3|"20-30"""|5+|1|
453|1|8-14|"20-65"""|4+|3|
453|0|RemainingW|M|BS|A|
454|0|RemainingW|M|BS|A|
454|1|10-18|"20-65"""|4+|3|
454|2|5-9|"20-45"""|5+|D3|
454|3|1-4|"20-30"""|6+|1|
455|0|RemainingW|M|BS|A|
455|1|10-18|"20-65"""|4+|3|
455|2|5-9|"20-45"""|5+|D3|
455|3|1-4|"20-30"""|6+|1|
456|0|RemainingW|M|BS|A|
456|1|8-28|"20""-55"""|4+|3|
456|2|4-7|"20""-40"""|5+|D3|
456|3|1-3|"20""-25"""|6+|1|
457|4|1-15|"20-30"""|5+|3|
457|3|16-30|"20-40"""|5+|6|
457|2|31-45|"20-50"""|4+|9|
457|1|46-60|"20-60"""|4+|12|
457|0|RemainingW|M|BS|A|
460|0|RemainingW|M|WS|BS|
460|1|7-12|"9"""|2+|2+|
460|2|4-6|"8"""|3+|3+|
460|3|1-3|"6"""|4+|4+|
461|0|RemainingW|M|WS|BS|
461|1|7-13|"9"""|2+|2+|
461|2|4-6|"8"""|3+|3+|
461|3|1-3|"6"""|4+|4+|
465|2|5-8|"7"""|4+|4+|
465|3|1-4|"6"""|5+|5+|
465|0|RemainingW|M|WS|BS|
465|1|9-17|"8"""|3+|3+|
474|0|RemainingW|M|WS|BS|
474|1|8-15|"8"""|3+|3+|
474|2|5-7|"7"""|4+|4+|
474|3|1-4|"5"""|5+|5+|
478|0|RemainingW|M|WS|BS|
478|1|8-15|"8"""|3+|3+|
478|2|5-7|"7"""|4+|4+|
478|3|1-4|"5"""|5+|5+|
485|3|1-3|"15-20"""|5+|5+|
485|0|RemainingW|M|WS|BS|
485|1|7-13|"15-40"""|3+|3+|
485|2|4-6|"15-30"""|4+|4+|
486|2|4-6|"15-30"""|4+|4+|
486|3|1-3|"15-20"""|5+|5+|
486|0|RemainingW|M|WS|BS|
486|1|7-13|"15-40"""|3+|3+|
489|0|RemainingW|M|S|A|
489|1|8-15|"8"""|7|6|
489|2|5-7|"6"""|6|5|
489|3|1-4|"4"""|5|4|
492|0|RemainingW|M|WS|BS|
492|1|7-14|"10"""|3+|3+|
492|2|4-6|"8"""|4+|4+|
492|3|1-3|"6"""|5+|5+|
493|0|RemainingW|M|WS|BS|
493|1|7-14|"10"""|3+|3+|
493|2|4-6|"8"""|4+|4+|
493|3|1-3|"6"""|5+|5+|
494|3|1-3|"6"""|5+|5+|
494|2|4-6|"8"""|4+|4+|
494|1|7-14|"10"""|3+|3+|
494|0|RemainingW|M|WS|BS|
495|0|RemainingW|M|WS|BS|
495|1|8-15|"8"""|3+|3+|
495|2|5-7|"7"""|4+|4+|
495|3|1-4|"5"""|5+|5+|
496|0|RemainingW|M|WS|BS|
496|1|9-17|"9"""|3+|3+|
496|2|5-8|"8"""|4+|4+|
496|3|1-4|"6"""|5+|5+|
497|3|1-4|"5"""|5+|5+|
497|0|RemainingW|M|WS|BS|
497|1|8-15|"8"""|3+|3+|
497|2|5-7|"7"""|4+|4+|
498|2|3-5|6+|6|5|
498|3|1-2|6+|5|4|
498|0|RemainingW|BS|S|A|
498|1|6-10|5+|7|6|
500|0|RemainingW|M|WS|BS|
500|1|10-18|"12"""|3+|3+|
500|2|5-9|"9"""|4+|4+|
500|3|1-4|"6"""|5+|5+|
503|0|RemainingW|M|WS|BS|
503|1|10-18|"8"""|3+|3+|
503|2|5-9|"6"""|4+|4+|
503|3|1-4|"4"""|5+|5+|
504|0|RemainingW|M|WS|BS|
504|1|18-34|"20-45"""|3+|3+|
504|2|10-17|"20-35"""|4+|4+|
504|3|1-9|"20-25"""|5+|5+|
505|3|1-9|"6"""|5+|5+|
505|2|10-17|"8"""|4+|4+|
505|0|RemainingW|M|WS|BS|
505|1|18-34|"10"""|3+|3+|
506|0|RemainingW|M|WS|BS|
506|1|10-18|"12"""|3+|3+|
506|2|5-9|"9"""|4+|4+|
506|3|1-4|"6"""|5+|5+|
516|0|RemainingW|M|BS|A|
516|1|6-10|"12"""|4+|3|
516|2|3-5|"9"""|5+|D3|
516|3|1-2|"4"""|6+|1|
521|0|RemainingW|M|BS|A|
521|1|6-10|"12"""|4+|6|
521|2|3-5|"9"""|5+|D6|
521|3|1-2|"6"""|6+|D3|
540|3|1-3|"6"""|5+|5+|
540|2|4-6|"8"""|4+|4+|
540|1|7-12|"10"""|3+|3+|
540|0|RemainingW|M|WS|BS|
543|0|RemainingW|M|BS|A|
543|1|8-14|"12"""|3+|3|
543|2|4-7|"8"""|4+|D3|
543|3|1-3|"4"""|5+|1|
544|0|RemainingW|M|BS|A|
544|1|7-12|"20-50"""|3+|3|
544|2|4-6|"20-40"""|4+|D3|
544|3|1-3|"20-30"""|5+|1|
545|0|RemainingW|M|BS|A|
545|1|7-12|"20-50"""|3+|3|
545|2|4-6|"20-40"""|4+|D3|
545|3|1-3|"20-30"""|5+|1|
552|2|7-12|"6"""|4+|D6|
552|3|1-6|"4"""|5+|D3|
552|1|13-24|"8"""|3+|6|
552|0|RemainingW|M|BS|A|
554|0|RemainingW|M|BS|A|
554|1|8-14|"12"""|3+|3|
554|2|4-7|"8"""|4+|D3|
554|3|1-3|"4"""|5+|1|
556|0|RemainingW|M|BS|A|
556|1|16-30|"8"""|3+|6|
556|2|9-15|"6"""|4+|D6|
556|3|1-8|"4"""|5+|D3|
557|0|RemainingW|M|BS|A|
557|1|15-28|"8"""|3+|6|
557|2|8-14|"6"""|4+|D6|
557|3|1-7|"4"""|5+|D3|
561|3|1-3|"20-30"""|5+|1|
561|2|4-7|"20-40"""|4+|D3|
561|0|RemainingW|M|BS|A|
561|1|8-14|"20-50"""|3+|3|
564|0|RemainingW|M|BS|A|
564|1|6-10|"12"""|3+|3|
564|2|3-5|"8"""|4+|D3|
564|3|1-2|"4"""|5+|1|
567|0|RemainingW|BS|||
567|1|16-30|3+|||
567|2|8-15|4+|||
567|3|1-7|5+|||
581|0|RemainingW|M|BS|A|
581|1|8-14|"10"""|2+|7|
581|2|4-7|"9"""|3+|6|
581|3|1-3|"8"""|4+|5|
599|3|1-3|"8"""|5+|1|
599|2|4-6|"12"""|4+|D3|
599|0|RemainingW|M|BS|A|
599|1|7-13|"16"""|3+|3|
603|0|RemainingW|M|BS|A|
603|1|7-12|"20-60"""|3+|3|
603|2|4-6|"20-40"""|4+|D3|
603|3|1-3|"20-25"""|5+|1|
606|0|RemainingW|M|BS|A|
606|1|4-12|"20-60"""|3+|3|
606|2|2-3|"20-40"""|4+|D3|
606|3|1|"20-25"""|5+|1|
609|0|RemainingW|M|BS|A|
609|1|7-12|"16"""|3+|3|
609|2|4-6|"12"""|4+|D3|
609|3|1-3|"8"""|5+|1|
610|3|1-3|"8"""|5+|1|
610|2|4-6|"12"""|4+|D3|
610|0|RemainingW|M|BS|A|
610|1|7-12|"16"""|3+|3|
611|0|RemainingW|M|BS|A|
611|1|7-12|"16"""|3+|3|
611|2|4-6|"12"""|4+|D3|
611|3|1-3|"8"""|5+|1|
614|0|RemainingW|M|WS|BS|
614|1|12-22|"12"""|3+|3+|
614|2|6-11|"10"""|4+|4+|
614|3|1-5|"8"""|5+|5+|
619|3|1-3|"8"""|5+|1|
619|0|RemainingW|M|BS|A|
619|1|7-12|"16"""|3+|3|
619|2|4-6|"12"""|4+|D3|
620|3|1-4|"10"""|5+|1|
620|2|5-8|"14"""|4+|D3|
620|0|RemainingW|M|BS|A|
620|1|9-16|"18"""|3+|3|
621|0|RemainingW|M|BS|A|
621|1|14-26|"14"""|3+|6|
621|2|7-13|"10"""|4+|3|
621|3|1-6|"4"""|5+|D3|
622|2|7-13|"10"""|4+|3|
622|0|RemainingW|M|BS|A|
622|1|14-26|"14"""|3+|6|
622|3|1-6|"6"""|5+|D3|
623|3|1-3|"20-25"""|5+|1|
623|2|4-7|"20-40"""|4+|D3|
623|1|8-14|"20-60"""|3+|3|
623|0|RemainingW|M|BS|A|
624|0|RemainingW|M|BS|A|
624|1|9-16|"20-60"""|3+|3|
624|2|5-8|"20-40"""|4+|D3|
624|3|1-4|"20-25"""|5+|1|
625|0|RemainingW|M|BS|A|
625|1|17-32|"20-50"""|3+|6|
625|2|9-16|"20-40"""|4+|D6|
625|3|1-8|"20-25"""|5+|D3|
626|0|RemainingW|M|BS|A|
626|1|17-32|"20-50"""|3+|6|
626|2|9-16|"20-40"""|4+|D6|
626|3|1-8|"20-25"""|5+|D3|
627|3|1-6|"8"""|5+|5+|
627|2|7-12|"10"""|4+|4+|
627|0|RemainingW|M|WS|BS|
627|1|13-24|"12"""|3+|3+|
628|0|RemainingW|M|WS|BS|
628|1|17-32|"30"""|3+|3+|
628|2|9-16|"24"""|4+|4+|
628|3|1-8|"18"""|5+|5+|
631|4|1-15|"12"""|5+|5+|
631|0|RemainingW|M|WS|BS|
631|1|46-60|"24"""|3+|3+|
631|2|31-45|"20"""|3+|4+|
631|3|16-30|"16"""|4+|4+|
656|3|1-2|"6"""|5+|1|
656|2|3-5|"10"""|4+|D3|
656|0|RemainingW|M|BS|A|
656|1|6-10|"14"""|3+|3|
660|0|RemainingW|M|BS|A|
660|1|6-10|"20-72"""|3+|3|
660|2|3-5|"20-48"""|4+|D3|
660|3|1-2|"20-32"""|5+|1|
661|0|RemainingW|M|BS|A|
661|1|7-12|"20-60"""|3+|3|
661|2|4-6|"20-40"""|4+|D3|
661|3|1-3|"20-25"""|5+|1|
665|3|1-2|"6"""|5+|1|
665|0|RemainingW|M|BS|A|
665|1|6-11|"14"""|3+|3|
665|2|3-5|"10"""|4+|D3|
666|3|1-2|"6"""|5+|1|
666|2|3-5|"10"""|4+|D3|
666|0|RemainingW|M|BS|A|
666|1|6-10|"14"""|3+|3|
667|0|RemainingW|M|BS|A|
667|1|10-18|"16"""|3+|6|
667|2|5-9|"12"""|4+|4|
667|3|1-4|"8"""|5+|2|
680|3|1-3|"4"""|5+|1|
680|0|RemainingW|M|BS|A|
680|1|7-12|"10"""|3+|3|
680|2|4-6|"7"""|4+|D3|
692|1|6-10|"12"""|4+|3|
692|2|3-5|"8"""|5+|D3|
692|0|RemainingW|M|BS|A|
692|3|1-2|"4"""|6+|1|
693|3|1-2|"6"""|6+|1|
693|2|3-5|"10"""|5+|D3|
693|0|RemainingW|M|BS|A|
693|1|6-10|"14"""|4+|3|
694|0|RemainingW|M|BS|A|
694|1|6-11|"12"""|4+|3|
694|2|3-5|"8"""|5+|D3|
694|3|1-2|"4"""|6+|1|
695|0|RemainingW|M|BS|A|
695|1|6-11|"12"""|4+|3|
695|2|3-5|"8"""|5+|D3|
695|3|1-2|"4"""|6+|1|
696|0|RemainingW|M|BS|A|
696|1|6-11|"12"""|4+|3|
696|2|3-5|"8"""|5+|D3|
696|3|1-2|"4"""|6+|1|
697|3|1-2|"4"""|6+|1|
697|2|3-5|"8"""|5+|D3|
697|1|6-11|"12"""|4+|3|
697|0|RemainingW|M|BS|A|
698|0|RemainingW|M|BS|A|
698|1|6-11|"12"""|4+|3|
698|2|3-5|"8"""|5+|D3|
698|3|1-2|"4"""|6+|1|
699|0|RemainingW|M|BS|A|
699|1|6-11|"12"""|4+|3|
699|2|3-5|"8"""|5+|D3|
699|3|1-2|"4"""|6+|1|
700|0|RemainingW|M|BS|A|
700|1|7-12|"10"""|4+|3|
700|2|4-6|"7"""|5+|D3|
700|3|1-3|"4"""|6+|1|
702|3|1-6|"4"""|6+|3|
702|2|7-13|"7"""|5+|6|
702|0|RemainingW|M|BS|A|
702|1|14-26|"10"""|4+|9|
703|0|RemainingW|M|BS|A|
703|1|14-26|"10"""|4+|9|
703|2|7-13|"7"""|5+|6|
703|3|1-6|"4"""|6+|3|
704|0|RemainingW|M|BS|A|
704|1|14-26|"10"""|4+|9|
704|2|7-13|"7"""|5+|6|
704|3|1-6|"4"""|6+|3|
705|0|RemainingW|M|BS|A|
705|1|14-26|"10"""|4+|9|
705|2|7-13|"7"""|5+|6|
705|3|1-6|"4"""|6+|3|
706|1|14-26|"10"""|4+|9|
706|3|1-6|"4"""|6+|3|
706|0|RemainingW|M|BS|A|
706|2|7-13|"7"""|5+|6|
707|0|RemainingW|M|BS|A|
707|1|14-26|"10"""|4+|9|
707|2|7-13|"7"""|5+|6|
707|3|1-6|"4"""|6+|3|
708|0|RemainingW|M|BS|A|
708|1|14-26|"10"""|4+|9|
708|2|7-13|"7"""|5+|6|
708|3|1-6|"4"""|6+|3|
709|2|7-13|"7"""|5+|6|
709|0|RemainingW|M|BS|A|
709|1|14-26|"10"""|4+|9|
709|3|1-6|"4"""|6+|3|
712|3|1-3|"4"""|4+|1|
712|2|4-6|"7"""|3+|D3|
712|0|RemainingW|M|BS|A|
712|1|7-12|"10"""|2+|3|
721|0|RemainingW|M|BS|A|
721|1|6-10|"14"""|3+|3|
721|2|3-5|"10"""|4+|D3|
721|3|1-2|"6"""|5+|1|
727|0|RemainingW|M|BS||
727|1|8-14|"20-45"""|4+||
727|2|4-7|"20-30"""|5+||
727|3|1-3|"20"""|6+||
728|3|1-2|"4"""|6+|1|
728|0|RemainingW|M|BS|A|
728|1|6-11|"12"""|4+|3|
728|2|3-5|"8"""|5+|D3|
729|3|1-2|"4"""|5+|1|
729|2|3-5|"8"""|4+|D3|
729|0|RemainingW|M|BS|A|
729|1|6-10|"12"""|3+|3|
733|0|RemainingW|M|BS|A|
733|1|6-10|"12"""|4+|3|
733|2|3-5|"8"""|5+|D3|
733|3|1-2|"4"""|6+|1|
735|3|1-2|"4"""|6+|1|
735|0|RemainingW|M|BS|A|
735|1|6-10|"12"""|4+|3|
735|2|3-5|"8"""|5+|D3|
738|2|3-5|"8"""|5+|D3|
738|3|1-2|"4"""|6+|1|
738|0|RemainingW|M|BS|A|
738|1|6-11|"12"""|4+|3|
739|3|1-2|"4"""|6+|1|
739|2|3-5|"8"""|5+|D3|
739|0|RemainingW|M|BS|A|
739|1|6-11|"12"""|4+|3|
740|0|RemainingW|M|BS|A|
740|1|7-12|"8"""|4+|3|
740|2|4-6|"6"""|5+|D3|
740|3|1-3|"4"""|6+|1|
744|0|RemainingW|M|BS|A|
744|1|6-11|"8"""|4+|3|
744|2|3-5|"6"""|5+|D3|
744|3|1-2|"4"""|6+|1|
751|3|1-4|"4"""|6+|1|
751|2|5-9|"7"""|5+|D3|
751|1|10-18|"10"""|4+|3|
751|0|RemainingW|M|BS|A|
752|0|RemainingW|M|BS|A|
752|1|10-18|"10"""|4+|3|
752|2|5-9|"7"""|5+|D3|
752|3|1-4|"4"""|6+|1|
753|0|RemainingW|M|BS|A|
753|1|10-18|"10"""|4+|3|
753|2|5-9|"7"""|5+|D3|
753|3|1-4|"4"""|6+|1|
754|1|10-18|"10"""|4+|3|
754|2|5-9|"7"""|5+|D3|
754|0|RemainingW|M|BS|A|
754|3|1-4|"4"""|6+|1|
760|3|1-2|"4"""|6+|1|
760|2|3-5|"7"""|5+|D3|
760|0|RemainingW|M|BS|A|
760|1|6-10|"10"""|4+|3|
761|0|RemainingW|M|BS|A|
761|1|7-12|"10"""|4+|3|
761|2|4-6|"7"""|5+|D3|
761|3|1-3|"4"""|6+|1|
763|0|RemainingW|M|BS|A|
763|1|14-26|"10"""|4+|6|
763|2|7-13|"7"""|5+|D6|
763|3|1-6|"4"""|6+|D3|
764|0|RemainingW|M|BS|A|
764|1|14-26|"10"""|4+|9|
764|2|7-13|"7"""|5+|6|
764|3|1-6|"4"""|6+|3|
766|3|1-5|"4"""|6+|D3|
766|2|6-10|"7"""|5+|D6|
766|0|RemainingW|M|BS|A|
766|1|11-20|"10"""|4+|6|
767|0|RemainingW|M|BS|A|
767|1|11-20|"10"""|4+|3|
767|2|5-10|"7"""|5+|D3|
767|3|1-4|"4"""|6+|1|
768|0|RemainingW|M|BS|A|
768|1|12-22|"10"""|4+|5|
768|2|6-11|"7"""|5+|3|
768|3|1-5|"4"""|6+|D3|
769|0|RemainingW|M|BS|A|
769|1|12-22|"10"""|4+|6|
769|2|6-11|"7"""|5+|D6|
769|3|1-5|"4"""|6+|D3|
770|3|1-5|"4"""|6+|1|
770|2|6-11|"7"""|5+|D3|
770|0|RemainingW|M|BS|A|
770|1|12-22|"10"""|4+|3|
771|0|RemainingW|M|BS|A|
771|1|12-22|"10"""|4+|6|
771|2|6-11|"7"""|5+|D6|
771|3|1-5|"4"""|6+|D3|
772|0|RemainingW|M|BS|A|
772|1|12-22|"10"""|4+|6|
772|2|6-11|"7"""|5+|D6|
772|3|1-5|"4"""|6+|D3|
773|3|1-5|"20-25"""|6+|1|
773|0|RemainingW|M|BS|A|
773|1|11-20|"20-45"""|4+|3|
773|2|6-10|"20-35"""|5+|D3|
774|3|1-5|"20-25"""|6+|1|
774|2|6-10|"20-35"""|5+|D3|
774|0|RemainingW|M|BS|A|
774|1|11-20|"20-45"""|4+|3|
775|0|RemainingW|M|BS|A|
775|1|12-22|"10"""|4+|6|
775|2|6-11|"7"""|5+|D6|
775|3|1-5|"4"""|6+|D3|
776|2|6-10|"7"""|5+|D6|
776|0|RemainingW|M|BS|A|
776|1|11-20|"10"""|4+|6|
776|3|1-5|"4"""|6+|D3|
777|3|1-5|"4"""|6+|D3|
777|2|6-10|"7"""|5+|D6|
777|1|11-20|"10"""|4+|6|
777|0|RemainingW|M|BS|A|
778|0|RemainingW|M|BS|A|
778|1|7-12|"20-45"""|4+|3|
778|2|4-6|"20-30"""|5+|D3|
778|3|1-3|"20-25"""|6+|1|
780|0|RemainingW|M|BS|A|
780|1|8-14|"20-45"""|4+|3|
780|2|4-7|"20-35"""|5+|D3|
780|3|1-3|"20-25"""|6+|1|
781|2|4-7|"20-35"""|5+|D3|
781|3|1-3|"20-25"""|6+|1|
781|0|RemainingW|M|BS|A|
781|1|8-14|"20-45"""|4+|3|
782|0|RemainingW|M|BS|A|
782|1|8-15|"20-45"""|4+|3|
782|2|4-7|"20-35"""|5+|D3|
782|3|1-3|"20-25"""|6+|1|
783|0|RemainingW|M|BS|A|
783|1|8-14|"20-45"""|4+|3|
783|2|4-7|"20-35"""|5+|D3|
783|3|1-3|"20-25"""|6+|1|
784|3|1-3|"20-25"""|6+|1|
784|0|RemainingW|M|BS|A|
784|1|8-14|"20-45"""|4+|3|
784|2|4-7|"20-35"""|5+|D3|
854|2|3-5|"6"""|4+|D3|
854|3|1-2|"4"""|5+|1|
854|0|RemainingW|M|BS|A|
854|1|6-11|"8"""|3+|3|
855|0|RemainingW|M|WS|BS|
855|1|13-24|"10"""|3+|3+|
855|2|7-12|"8"""|4+|4+|
855|3|1-6|"6"""|5+|5+|
856|0|RemainingW|M|WS|BS|
856|1|13-24|"10"""|3+|3+|
856|2|7-12|"8"""|4+|4+|
856|3|1-6|"6"""|5+|5+|
857|0|RemainingW|M|WS|BS|
857|1|13-24|"10"""|3+|3+|
857|2|7-12|"8"""|4+|4+|
857|3|1-6|"6"""|5+|5+|
858|3|1-6|"8"""|4+|5+|
858|2|7-12|"10"""|3+|4+|
858|0|RemainingW|M|WS|BS|
858|1|13-24|"12"""|2+|3+|
859|0|RemainingW|M|WS|BS|
859|1|13-24|"10"""|3+|3+|
859|2|7-12|"8"""|4+|4+|
859|3|1-6|"6"""|5+|5+|
860|0|RemainingW|M|WS|BS|
860|1|16-30|"8"""|4+|3+|
860|2|8-15|"6"""|5+|4+|
860|3|1-7|"4"""|6+|5+|
861|2|7-13|"10"""|4+|4+|
861|0|RemainingW|M|WS|BS|
861|1|14-26|"12"""|3+|3+|
861|3|1-6|"8"""|5+|5+|
862|3|1-6|"8"""|5+|5+|
862|1|14-26|"12"""|3+|3+|
862|0|RemainingW|M|WS|BS|
862|2|7-13|"10"""|4+|4+|
863|0|RemainingW|M|WS|BS|
863|1|14-26|"12"""|3+|3+|
863|2|7-13|"10"""|4+|4+|
863|3|1-6|"8"""|5+|5+|
864|0|RemainingW|M|WS|BS|
864|1|14-26|"14"""|3+|3+|
864|2|7-13|"12"""|4+|4+|
864|3|1-6|"10"""|5+|5+|
865|0|RemainingW|M|WS|BS|
865|1|13-24|"12"""|3+|3+|
865|2|7-12|"9"""|4+|4+|
865|3|1-6|"6"""|5+|5+|
866|3|1-6|"6"""|5+|5+|
866|2|7-12|"9"""|4+|4+|
866|1|13-24|"12"""|3+|3+|
866|0|RemainingW|M|WS|BS|
867|0|RemainingW|M|WS|BS|
867|1|38-50|"20"""|4+|3+|
867|2|26-37|"16"""|5+|4+|
867|3|13-25|"12"""|5+|4+|
867|4|1-12|"8"""|6+|5+|
868|0|RemainingW|M|WS|BS|
868|1|53-70|"18"""|4+|3+|
868|2|36-52|"14"""|4+|4+|
868|3|18-35|"10"""|5+|4+|
868|4|1-17|"6"""|6+|5+|
869|4|1-30|"6"""|6+|5+|
869|3|31-60|"8"""|5+|4+|
869|1|91-120|"12"""|4+|3+|
869|0|RemainingW|M|WS|BS|
869|2|61-90|"10"""|4+|4+|
884|0|RemainingW|M|BS|A|
884|1|9-16|"10"""|2+|6|
884|2|5-8|"5"""|3+|D6|
884|3|1-4|"3"""|4+|1|
910|0|RemainingW|M|BS|A|
910|1|6-10|"12"""|3+|3|
910|2|3-5|"6"""|4+|D3|
910|3|1-2|"3"""|5+|1|
911|3|1-2|"3"""|5+|1|
911|2|3-5|"6"""|4+|D3|
911|1|6-11|"12"""|3+|3|
911|0|RemainingW|M|BS|A|
912|0|RemainingW|M|BS|A|
912|1|6-11|"12"""|3+|3|
912|2|3-5|"6"""|4+|D3|
912|3|1-2|"3"""|5+|1|
914|0|RemainingW|BS|||
914|1|10-18|4+|||
914|2|6-9|5+|||
914|3|1-5|6+|||
956|2|3-5|"6"""|4+|D3|
956|3|1-2|"3"""|5+|1|
956|0|RemainingW|M|BS|A|
956|1|6-10|"12"""|3+|3|
961|3|1-3|"20-30"""|5+|5+|
961|2|4-6|"20-45"""|4+|4+|
961|0|RemainingW|M|WS|BS|
961|1|7-12|"20-60"""|3+|3+|
962|0|RemainingW|M|BS|A|
962|1|9-16|"10"""|3+|6|
962|2|5-8|"5"""|4+|D6|
962|3|1-4|"3"""|5+|1|
963|0|RemainingW|M|BS|A|
963|1|6-11|"12"""|3+|3|
963|2|3-5|"6"""|4+|D3|
963|3|1-2|"3"""|5+|1|
964|3|1-2|"3"""|5+|1|
964|2|3-5|"5"""|4+|D3|
964|0|RemainingW|M|BS|A|
964|1|6-12|"10"""|3+|3|
967|0|RemainingW|M|WS|BS|
967|1|7-12|"8"""|3+|3+|
967|2|4-6|"6"""|4+|4+|
967|3|1-3|"4"""|5+|5+|
968|0|RemainingW|M|WS|BS|
968|1|7-12|"10"""|3+|3+|
968|2|4-6|"8"""|4+|4+|
968|3|1-3|"6"""|5+|5+|
969|2|4-7|"6"""|4+|4+|
969|0|RemainingW|M|WS|BS|
969|1|8-14|"8"""|3+|3+|
969|3|1-3|"4"""|5+|5+|
970|3|1-7|"6"""|5+|5+|8
970|2|8-15|"8"""|4+|4+|7
970|1|16-30|"10"""|3+|3+|6
970|0|RemainingW|M|WS|BS|A
1022|0|RemainingW|M|BS|A|
1022|1|6-10|"12"""|3+|3|
1022|2|3-5|"6"""|4+|D3|
1022|3|1-2|"3"""|5+|1|
1024|0|RemainingW|M|WS|BS|
1024|1|7-12|"20-60"""|3+|3+|
1024|2|4-6|"20-45"""|4+|4+|
1024|3|1-3|"20-30"""|5+|5+|
1025|2|5-8|"5"""|4+|D6|
1025|3|1-4|"3"""|5+|D3|
1025|0|RemainingW|M|BS|A|
1025|1|9-16|"10"""|3+|6|
1026|0|RemainingW|M|BS|A|
1026|1|6-11|"12"""|3+|3|
1026|2|3-5|"6"""|4+|D3|
1026|3|1-2|"3"""|5+|1|
1027|0|RemainingW|M|BS|A|
1027|1|6-11|"10"""|3+|3|
1027|2|3-5|"5"""|4+|D3|
1027|3|1-2|"3"""|5+|1|
1028|3|1-3|"4"""|5+|5+|
1028|0|RemainingW|M|WS|BS|
1028|1|7-12|"8"""|3+|3+|
1028|2|4-6|"6"""|4+|4+|
1029|2|4-6|"8"""|4+|4+|
1029|3|1-3|"6"""|5+|5+|
1029|0|RemainingW|M|WS|BS|
1029|1|7-12|"10"""|3+|3+|
1030|3|1-3|"4"""|5+|5+|
1030|2|4-7|"6"""|4+|4+|
1030|1|8-14|"8"""|3+|3+|
1030|0|RemainingW|M|WS|BS|
1031|0|RemainingW|M|A||
1031|1|10-18|"16"""|8||
1031|2|6-9|"14"""|7||
1031|3|1-5|"12"""|6||
1047|0|RemainingW|M|BS|A|
1047|1|6-10|"12"""|3+|3|
1047|2|3-5|"6"""|4+|D3|
1047|3|1-2|"3"""|5+|1|
1049|2|5-8|"5"""|4+|D6|
1049|3|1-4|"3"""|5+|D3|
1049|0|RemainingW|M|BS|A|
1049|1|9-16|"10"""|3+|6|
1050|0|RemainingW|M|BS|A|
1050|1|6-11|"12"""|3+|3|
1050|2|3-5|"6"""|4+|D3|
1050|3|1-2|"3"""|5+|1|
1051|0|RemainingW|M|WS|BS|
1051|1|8-14|"8"""|3+|3+|
1051|2|4-7|"6"""|4+|4+|
1051|3|1-3|"4"""|5+|5+|
1094|3|1-6|"8"""|5+|5+|
1094|0|RemainingW|M|WS|BS|
1094|1|14-26|"12"""|3+|3+|
1094|2|7-13|"10"""|4+|4+|
1095|2|7-13|"12"""|4+|4+|
1095|3|1-6|"10"""|5+|5+|
1095|0|RemainingW|M|WS|BS|
1095|1|14-26|"14"""|3+|3+|
1096|0|RemainingW|M|WS|BS|
1096|1|14-26|"12"""|3+|3+|
1096|2|7-13|"10"""|4+|4+|
1096|3|1-6|"8"""|5+|5+|
1097|0|RemainingW|M|WS|BS|
1097|1|14-26|"12"""|3+|3+|
1097|2|7-13|"10"""|4+|4+|
1097|3|1-6|"8"""|5+|5+|
1098|0|RemainingW|M|WS|BS|
1098|1|13-24|"12"""|3+|3+|
1098|2|7-12|"9"""|4+|4+|
1098|3|1-6|"6"""|5+|5+|
1099|3|1-7|"4"""|6+|5+|
1099|2|8-15|"6"""|5+|4+|
1099|1|16-30|"8"""|4+|3+|
1099|0|RemainingW|M|WS|BS|
1100|0|RemainingW|M|WS|BS|
1100|1|13-24|"12"""|3+|3+|
1100|2|7-12|"9"""|4+|4+|
1100|3|1-6|"6"""|5+|5+|
1105|0|RemainingW|M|WS|A|
1105|1|12-22|"8"""|2+|8|
1105|2|6-11|"7"""|3+|9|
1105|3|1-5|"6"""|4+|10|
1117|0|RemainingW|M|WS|A|
1117|1|12-22|"12"""|3+|5|
1117|2|6-11|"10"""|4+|4|
1117|3|1-5|"8"""|5+|3|
1120|2|6-10|"10"""|4+|4|
1120|3|1-5|"8"""|5+|3|
1120|1|11-20|"12"""|3+|5|
1120|0|RemainingW|M|WS|A|
1130|0|RemainingW|M|WS|A|
1130|1|12-22|"7"""|2+|6|
1130|2|6-11|"6"""|3+|5|
1130|3|1-5|"5"""|4+|4|
1137|0|RemainingW|M|WS|A|
1137|1|11-20|"16"""|2+|6|
1137|2|6-10|"14"""|3+|5|
1137|3|1-5|"12"""|4+|4|
1141|0|RemainingW|M|WS|A|
1141|1|7-12|"14"""|2+|8|
1141|2|4-6|"12"""|3+|7|
1141|3|1-3|"10"""|4+|6|
1147|3|1-3|"10"""|4+|6|
1147|2|4-6|"12"""|3+|7|
1147|0|RemainingW|M|WS|A|
1147|1|7-12|"14"""|2+|8|
1148|0|RemainingW|M|S|A|
1148|1|11-20|"12"""|8|6|
1148|2|6-10|"8"""|7|5|
1148|3|1-5|"6"""|6|4|
1151|0|RemainingW|M|WS|BS|
1151|1|9-16|"8"""|3+|3+|
1151|2|5-8|"6"""|4+|4+|
1151|3|1-4|"4"""|5+|5+|
1153|2|3-5|"6"""|4+|2|
1153|3|1-2|"3"""|5+|1|
1153|1|6-11|"12"""|3+|3|
1153|0|RemainingW|M|BS|A|
1154|0|RemainingW|M|BS|A|
1154|1|6-11|"10"""|3+|3|
1154|2|3-5|"5"""|4+|D3|
1154|3|1-2|"3"""|5+|1|
1156|3|1-4|"3"""|5+|D3|
1156|0|RemainingW|M|BS|A|
1156|1|9-16|"10"""|3+|6|
1156|2|5-8|"5"""|4+|D6|
1157|3|1-4|"3"""|5+|D3|
1157|2|5-8|"5"""|4+|D6|
1157|1|9-16|"10"""|3+|6|
1157|0|RemainingW|M|BS|A|
1158|3|1-4|"3"""|5+|D3|
1158|0|RemainingW|M|BS|A|
1158|1|9-16|"10"""|3+|6|
1158|2|5-8|"5"""|4+|D6|
1159|2|5-8|"5"""|4+|D6|
1159|3|1-4|"3"""|5+|D3|
1159|0|RemainingW|M|BS|A|
1159|1|9-16|"10"""|3+|6|
1160|2|4-6|"7"""|4+|D3|
1160|3|1-3|"4"""|5+|1|
1160|0|RemainingW|M|BS|A|
1160|1|7-14|"14"""|3+|3|
1161|2|4-6|"7"""|4+|D3|
1161|3|1-3|"4"""|5+|1|
1161|0|RemainingW|M|BS|A|
1161|1|7-14|"14"""|3+|3|
1162|1|7-14|"14"""|3+|3|
1162|2|4-6|"7"""|4+|D3|
1162|0|RemainingW|M|BS|A|
1162|3|1-3|"4"""|5+|1|
1163|3|1-5|"3"""|5+|D3|
1163|2|6-10|"5"""|4+|D6|
1163|0|RemainingW|M|BS|A|
1163|1|11-20|"10"""|3+|6|
1164|0|RemainingW|M|BS|A|
1164|1|11-20|"10"""|3+|6|
1164|2|6-10|"5"""|4+|D6|
1164|3|1-5|"3"""|5+|D3|
1165|0|RemainingW|M|BS|A|
1165|1|11-20|"10"""|3+|6|
1165|2|6-10|"5"""|4+|D6|
1165|3|1-5|"3"""|5+|D3|
1166|0|RemainingW|M|BS|A|
1166|1|14-26|"10"""|3+|6|
1166|2|7-13|"5"""|4+|D6|
1166|3|1-6|"3"""|5+|D3|
1167|3|1-6|"3"""|5+|D3|
1167|2|7-13|"5"""|4+|D6|
1167|0|RemainingW|M|BS|A|
1167|1|14-26|"10"""|3+|6|
1168|0|RemainingW|M|BS|A|
1168|1|16-30|"10"""|3+|6|
1168|2|8-15|"5"""|4+|D6|
1168|3|1-7|"3"""|5+|D3|
1174|0|RemainingW|M|WS|BS|
1174|1|7-12|"8"""|3+|3+|
1174|2|4-6|"6"""|4+|4+|
1174|3|1-3|"4"""|5+|5+|
1175|0|RemainingW|M|WS|BS|
1175|1|8-14|"8"""|3+|3+|
1175|2|4-7|"6"""|4+|4+|
1175|3|1-3|"4"""|5+|5+|
1178|3|1-3|"20-30"""|5+|1|
1178|2|4-6|"20-45"""|4+|D3|
1178|0|RemainingW|M|BS|A|
1178|1|7-12|"20-60"""|3+|3|
1179|0|RemainingW|M|BS|A|
1179|1|9-18|"20-45"""|3+|6|
1179|2|5-8|"20-35"""|4+|D6|
1179|3|1-4|"20-25"""|5+|D3|
1181|0|RemainingW|M|BS|A|
1181|1|9-18|"20-45"""|3+|6|
1181|2|5-8|"20-35"""|4+|D6|
1181|3|1-4|"20-25"""|5+|D3|
1182|3|1-5|"20-25"""|5+|D3|
1182|0|RemainingW|M|BS|A|
1182|1|11-20|"20-45"""|3+|6|
1182|2|6-10|"20-35"""|4+|D6|
1183|3|1-7|"20-30"""|5+|D3|
1183|2|8-15|"20-40"""|4+|D6|
1183|0|RemainingW|M|BS|A|
1183|1|16-30|"20-50"""|3+|6|
1184|0|RemainingW|M|BS|A|
1184|1|16-30|"20-45"""|3+|6|
1184|2|8-15|"20-35"""|4+|D6|
1184|3|1-7|"20-25"""|5+|D3|
1185|2|11-20|"20-40"""|4+|D6|
1185|0|RemainingW|M|BS|A|
1185|1|21-40|"20-50"""|3+|6|
1185|3|1-10|"20-30"""|5+|D3|
1186|3|1-2|"3"""|5+|1|
1186|2|3-5|"6"""|4+|D3|
1186|1|6-10|"12"""|3+|3|
1186|0|RemainingW|M|BS|A|
1187|0|RemainingW|M|BS|A|
1187|1|6-11|"12"""|3+|3|
1187|2|3-5|"6"""|4+|D3|
1187|3|1-2|"3"""|5+|1|
1188|0|RemainingW|M|BS|A|
1188|1|6-11|"12"""|3+|3|
1188|2|3-5|"6"""|4+|D3|
1188|3|1-2|"3"""|5+|1|
1196|2|5-8|"5"""|4+|D6|
1196|3|1-4|"3"""|5+|D3|
1196|0|RemainingW|M|BS|A|
1196|1|9-16|"10"""|3+|6|
1197|0|RemainingW|M|BS|A|
1197|1|16-30|"20-50"""|3+|6|
1197|2|8-15|"20-40"""|4+|D6|
1197|3|1-7|"20-30"""|5+|D3|
1198|0|RemainingW|M|BS|A|
1198|1|9-16|"10"""|3+|6|
1198|2|5-8|"5"""|4+|D6|
1198|3|1-4|"3"""|5+|D3|
1199|3|1-3|"3"""|5+|1|
1199|0|RemainingW|M|BS|A|
1199|1|7-12|"12"""|3+|3|
1199|2|4-6|"6"""|4+|D3|
1237|2|4-6|"20-30"""|5+||
1237|3|1-3|"20-25"""|6+||
1237|0|RemainingW|M|BS||
1237|1|7-14|"20-45"""|4+||
1264|0|RemainingW|M|BS|A|
1264|1|6-10|"12"""|4+|3|
1264|2|3-5|"8"""|5+|D3|
1264|3|1-2|"4"""|6+|1|
1265|0|RemainingW|M|BS|A|
1265|1|6-11|"12"""|4+|3|
1265|2|3-5|"8"""|5+|D3|
1265|3|1-2|"4"""|6+|1|
1268|0|RemainingW|M|BS|A|
1268|1|6-10|"12"""|4+|3|
1268|2|3-5|"8"""|5+|D3|
1268|3|1-2|"4"""|6+|1|
1270|3|1-3|"20"""|6+||
1270|2|4-7|"20-30"""|5+||
1270|1|8-14|"20-45"""|4+||
1270|0|RemainingW|M|BS||
1271|0|RemainingW|M|BS|A|
1271|1|7-12|"10"""|4+|3|
1271|2|4-6|"7"""|5+|D3|
1271|3|1-3|"4"""|6+|1|
1273|0|RemainingW|M|BS|A|
1273|1|6-11|"12"""|4+|3|
1273|2|3-5|"8"""|5+|D3|
1273|3|1-2|"4"""|6+|1|
1275|3|1-2|"4"""|6+|1|
1275|0|RemainingW|M|BS|A|
1275|1|6-11|"8"""|4+|3|
1275|2|3-5|"6"""|5+|D3|
1276|2|3-5|"8"""|5+|D3|
1276|3|1-2|"4"""|6+|1|
1276|0|RemainingW|M|BS|A|
1276|1|6-11|"12"""|4+|3|
1277|0|RemainingW|M|BS|A|
1277|1|6-11|"12"""|4+|3|
1277|2|3-5|"8"""|5+|D3|
1277|3|1-2|"4"""|6+|1|
1278|0|RemainingW|M|BS|A|
1278|1|7-12|"8"""|4+|3|
1278|2|4-6|"6"""|5+|D3|
1278|3|1-3|"4"""|6+|1|
1283|2|5-9|"7"""|5+|D3|
1283|3|1-4|"4"""|6+|1|
1283|0|RemainingW|M|BS|A|
1283|1|10-18|"10"""|4+|3|
1284|0|RemainingW|M|BS|A|
1284|1|12-22|"10"""|4+|6|
1284|2|6-11|"7"""|5+|D6|
1284|3|1-5|"4"""|6+|D3|
1285|0|RemainingW|M|BS|A|
1285|1|10-18|"10"""|4+|3|
1285|2|5-9|"7"""|5+|D3|
1285|3|1-4|"4"""|6+|1|
1286|3|1-6|"4"""|6+|3|
1286|0|RemainingW|M|BS|A|
1286|1|14-26|"10"""|4+|9|
1286|2|7-13|"7"""|5+|6|
1287|2|3-5|"8"""|5+|D3|
1287|3|1-2|"4"""|6+|1|
1287|0|RemainingW|M|BS|A|
1287|1|6-11|"12"""|4+|3|
1289|0|RemainingW|M|BS|A|
1289|1|12-22|"10"""|4+|6|
1289|2|6-11|"7"""|5+|D6|
1289|3|1-5|"4"""|6+|D3|
1290|0|RemainingW|M|BS|A|
1290|1|12-22|"10"""|4+|3|
1290|2|6-11|"7"""|5+|D3|
1290|3|1-5|"4"""|6+|1|
1291|0|RemainingW|M|BS|A|
1291|1|12-22|"10"""|4+|6|
1291|2|6-11|"7"""|5+|D6|
1291|3|1-5|"4"""|6+|D3|
1292|3|1-5|"4"""|6+|D3|
1292|2|6-11|"7"""|5+|D6|
1292|1|12-22|"10"""|4+|6|
1292|0|RemainingW|M|BS|A|
1295|0|RemainingW|M|WS|BS|
1295|1|7-12|"9"""|3+|3+|
1295|2|4-6|"7"""|4+|4+|
1295|3|1-3|"5"""|5+|5+|
1296|0|RemainingW|M|BS|A|
1296|1|8-14|"7"""|4+|5|
1296|2|4-7|"5"""|5+|3|
1296|3|1-3|"3"""|6+|D3|
1297|3|1-7|"6"""|5+|5+|
1297|0|RemainingW|M|WS|BS|
1297|1|14-26|"12"""|3+|3+|
1297|2|8-13|"9"""|4+|4+|
1298|2|8-14|"10"""|4+|4+|
1298|3|1-7|"8"""|5+|5+|
1298|0|RemainingW|M|WS|BS|
1298|1|15-28|"12"""|3+|3+|
1300|0|RemainingW|M|BS|A|
1300|1|9-16|"10"""|3+|6|
1300|2|5-8|"5"""|4+|D6|
1300|3|1-4|"3"""|5+|D3|
1301|0|RemainingW|M|BS|A|
1301|1|9-16|"10"""|3+|6|
1301|2|5-8|"5"""|4+|D6|
1301|3|1-4|"3"""|5+|D3|
1302|0|RemainingW|M|BS|A|
1302|1|6-11|"12"""|3+|3|
1302|2|3-5|"6"""|4+|2|
1302|3|1-2|"3"""|5+|1|
1303|3|1-2|"3"""|5+|1|
1303|2|3-5|"6"""|4+|D3|
1303|0|RemainingW|M|BS|A|
1303|1|6-11|"12"""|3+|3|
1304|0|RemainingW|M|BS|A|
1304|1|7-14|"14"""|3+|3|
1304|2|4-6|"7"""|4+|D3|
1304|3|1-3|"4"""|5+|1|
1305|0|RemainingW|M|BS|A|
1305|1|7-14|"14"""|3+|3|
1305|2|4-6|"7"""|4+|D3|
1305|3|1-3|"4"""|5+|1|
1306|0|RemainingW|M|BS|A|
1306|1|11-20|"10"""|3+|6|
1306|2|6-10|"5"""|4+|D6|
1306|3|1-5|"3"""|5+|D3|
1307|3|1-3|"4"""|5+|5+|
1307|2|4-6|"6"""|4+|4+|
1307|1|7-12|"8"""|3+|3+|
1307|0|RemainingW|M|WS|BS|
1309|0|RemainingW|M|WS|BS|
1309|1|8-14|"8"""|3+|3+|
1309|2|4-7|"6"""|4+|4+|
1309|3|1-3|"4"""|5+|5+|
1311|0|RemainingW|M|WS|BS|
1311|1|11-20|"15"""|4+|4+|
1311|2|6-10|"10"""|5+|5+|
1311|3|1-5|"5"""|6+|6+|
1312|3|1-5|"3"""|5+|D3|
1312|0|RemainingW|M|BS|A|
1312|1|11-20|"10"""|3+|6|
1312|2|6-10|"5"""|4+|D6|
1313|3|1-5|"3"""|5+|D3|
1313|2|6-10|"5"""|4+|D6|
1313|1|11-20|"10"""|3+|6|
1313|0|RemainingW|M|BS|A|
1314|0|RemainingW|M|BS|A|
1314|1|14-26|"10"""|3+|6|
1314|2|7-13|"5"""|4+|D6|
1314|3|1-6|"3"""|5+|D3|
1315|3|1-6|"3"""|5+|D3|
1315|0|RemainingW|M|BS|A|
1315|1|14-26|"10"""|3+|6|
1315|2|7-13|"5"""|4+|D6|
1316|2|8-15|"5"""|4+|D6|
1316|3|1-7|"3"""|5+|D3|
1316|0|RemainingW|M|BS|A|
1316|1|16-30|"10"""|3+|6|
1318|3|1-3|"20""-30"""|5+|D3|
1318|2|4-7|"20""-45"""|4+|D6|
1318|1|8-14|"20""-60"""|3+|6|
1318|0|RemainingW|M|BS|A|
1319|0|RemainingW|M|BS|A|
1319|1|9-18|"20""-45"""|3+|6|
1319|2|5-8|"20""-35"""|4+|D6|
1319|3|1-4|"20""-25"""|5+|D3|
1320|0|RemainingW|M|BS|A|
1320|1|9-18|"20""-45"""|3+|6|
1320|2|5-8|"20""-35"""|4+|D6|
1320|3|1-4|"20""-25"""|5+|D3|
1321|2|8-15|"20""-40"""|4+|D6|
1321|3|1-7|"20""-30"""|5+|D3|
1321|0|RemainingW|M|BS|A|
1321|1|16-30|"20""-50"""|3+|6|
1322|0|RemainingW|M|BS|A|
1322|1|21-40|"20-50"""|3+|6|
1322|2|11-20|"20-40"""|4+|D6|
1322|3|1-10|"20-30"""|5+|D3|
1323|0|RemainingW|M|BS|A|
1323|1|7-12|"20""-60"""|3+|3|
1323|2|4-6|"20""-45"""|4+|D3|
1323|3|1-3|"20""-30"""|5+|1|
1329|3|1-6|"8"""|8|6|
1329|0|RemainingW|M|S|A|
1329|1|13-24|"16"""|10|8|
1329|2|7-12|"12"""|9|7|
1331|2|4-6|"7"""|5+|5|
1331|3|1-3|"5"""|6+|4|
1331|0|RemainingW|M|BS|A|
1331|1|7-12|"9"""|4+|6|
1332|0|RemainingW|M|S|A|
1332|1|11-18|"14"""|7|6|
1332|2|4-10|"12"""|6|5|
1332|3|1-3|"10"""|5|4|
1333|0|RemainingW|M|S|A|
1333|1|14-27|"18"""|8|6|
1333|2|8-13|"14"""|7|4|
1333|3|1-7|"10"""|6|2|
1335|0|RemainingW|M|S|A|
1335|1|7-12|"8"""|7|5|
1335|2|4-6|"7"""|6|4|
1335|3|1-3|"6"""|5|3|
1338|3|1-3|"6"""|6+|3|
1338|2|4-6|"8"""|5+|4|
1338|1|7-12|"10"""|4+|5|
1338|0|RemainingW|M|BS|A|
1339|0|RemainingW|M|BS|A|
1339|1|6-10|"8+D6"""|4+|6+D6|
1339|2|3-5|"6+D6"""|5+|4+D6|
1339|3|1-2|"4+D6"""|6+|2+D6|
1340|0|RemainingW|M|S|A|
1340|1|11-21|"8"""|8|5|
1340|2|6-10|"6"""|7|4|
1340|3|1-5|"4"""|6|3|
1343|0|RemainingW|M|BS|A|
1343|1|6-11|"10"""|3+|3|
1343|2|3-5|"5"""|4+|D3|
1343|3|1-2|"3"""|5+|1|
1351|3|1-3|"4"""|5+|5+|
1351|2|4-6|"6"""|4+|4+|
1351|1|7-13|"8"""|3+|3+|
1351|0|RemainingW|M|WS|BS|
1352|0|RemainingW|M|BS|A|
1352|1|9-16|"10"""|3+|6|
1352|2|5-8|"5"""|4+|D6|
1352|3|1-4|"3"""|5+|D3|
1360|0|RemainingW|M|BS|A|
1360|1|7-13|"9"""|2+|6|
1360|2|4-6|"7"""|3+|5|
1360|3|1-3|"5"""|4+|4|
1363|2|3-5|"20-45"""|4+|D3|
1363|3|1-2|"20-30"""|5+|1|
1363|0|RemainingW|M|BS|A|
1363|1|6-10|"20-60"""|3+|3|
1364|0|RemainingW|M|BS|A|
1364|1|6-10|"20-50"""|3+|3|
1364|2|3-5|"20-40"""|4+|D3|
1364|3|1-2|"20-30"""|5+|1|
1376|0|RemainingW|M|BS|S|
1376|1|6-12|"9"""|3+|7|
1376|2|3-5|"6"""|4+|6|
1376|3|1-2|"4"""|5+|5|
1377|3|1-5|"8"""|5||
1377|0|RemainingW|M|A||
1377|1|10-18|"12"""|7||
1377|2|6-9|"10"""|6||
1386|2|4-6|"20-40"""|6+|D3|
1386|3|1-3|"20-25"""|6+|1|
1386|0|RemainingW|M|BS|A|
1386|1|7-12|"20-50"""|5+|3|
1387|0|RemainingW|M|BS|A|
1387|1|8-14|"20-50"""|5+|3|
1387|2|4-7|"20-40"""|6+|D3|
1387|3|1-3|"20-25"""|6+|1|
1388|0|RemainingW|M|S|A|
1388|1|8-24|"12"""|8|9|
1388|2|4-7|"9"""|6|7|
1388|3|1-3|"6"""|4|5|
1389|0|RemainingW|M|S|A|
1389|1|13-24|"12"""|8|8|
1389|2|7-12|"9"""|7|6|
1389|3|1-6|"6"""|6|4|
1390|3|1-2|"20-30"""|5+|1|
1390|2|3-5|"20-50"""|4+|D3|
1390|1|6-10|"20-70"""|3+|3|
1390|0|RemainingW|M|BS|A|
1393|0|RemainingW|M|BS|A|
1393|1|7-12|"16"""|3+|3|
1393|2|4-6|"12"""|4+|D3|
1393|3|1-3|"8"""|5+|1|
1460|0|RemainingW|M|BS|A|
1460|1|8-14|"14"""|2+|3|
1460|2|4-7|"10"""|3+|D3|
1460|3|1-3|"8"""|4+|1|
1461|3|1-4|"6"""|4+|1|
1461|0|RemainingW|M|BS|A|
1461|1|9-18|"14"""|2+|3|
1461|2|5-8|"10"""|3+|D3|
1465|3|1-6|"5"""|4+|4|
1465|2|7-12|"6"""|3+|5|
1465|1|13-24|"7"""|2+|6|
1465|0|RemainingW|M|WS|A|
1476|0|RemainingW|M|WS|VortexPower|
1476|1|8-14|"10"""|3+|2|
1476|2|4-7|"8"""|4+|1|
1476|3|1-3|"6"""|5+|0|
1479|0|RemainingW|M|WS|BS|
1479|1|8-14|"8"""|2+|2+|
1479|2|4-7|"6"""|3+|3+|
1479|3|1-3|"4"""|4+|4+|
1481|2|4-6|"10"""|4+|4+|
1481|3|1-3|"8"""|5+|5+|
1481|0|RemainingW|M|WS|BS|
1481|1|7-12|"12"""|3+|3+|
1482|0|RemainingW|M|WS|BS|
1482|1|7-12|"12"""|3+|3+|
1482|2|4-6|"10"""|4+|4+|
1482|3|1-3|"8"""|5+|5+|
1483|0|RemainingW|M|WS|BS|
1483|1|13-24|"10"""|3+|3+|
1483|2|7-12|"8"""|4+|4+|
1483|3|1-6|"6"""|5+|5+|
1484|3|1-6|"6"""|4+|4+|
1484|0|RemainingW|M|WS|BS|
1484|1|13-24|"10"""|2+|2+|
1484|2|7-12|"8"""|3+|3+|
1485|2|8-14|"6"""|5+|4+|
1485|3|1-7|"4"""|6+|5+|
1485|0|RemainingW|M|WS|BS|
1485|1|15-28|"8"""|4+|3+|
1486|0|RemainingW|M|WS|BS|
1486|1|15-28|"8"""|4+|3+|
1486|2|8-14|"6"""|5+|4+|
1486|3|1-7|"4"""|6+|5+|
1521|0|RemainingW|M|BS|A|
1521|1|16-30|"12"""|3+|6|
1521|2|8-15|"6"""|4+|D6|
1521|3|1-7|"3"""|5+|D3|
1523|0|RemainingW|M|BS|A|
1523|1|7-14|"14"""|3+|3|
1523|2|4-6|"7"""|4+|D3|
1523|3|1-3|"4"""|5+|1|
1524|3|1-3|"4"""|5+|1|
1524|2|4-6|"7"""|4+|D3|
1524|1|7-14|"14"""|3+|3|
1524|0|RemainingW|M|BS|A|
1527|0|RemainingW|M|BS|A|
1527|1|8-14|"8"""|3+|3|
1527|2|4-7|"5"""|4+|D3|
1527|3|1-3|"3"""|5+|1|
1532|0|RemainingW|M|BS|A|
1532|1|8-14|"8"""|3+|3|
1532|2|4-7|"5"""|4+|D3|
1532|3|1-3|"3"""|5+|1|
1533|0|RemainingW|M|BS|A|
1533|1|8-14|"8"""|3+|3|
1533|2|4-7|"5"""|4+|D3|
1533|3|1-3|"3"""|5+|1|
1543|3|1-4|"6"""|4|D3|
1543|2|5-8|"9"""|6|D6|
1543|1|9-16|"12"""|8|6|
1543|0|RemainingW|M|S|A|
1544|0|RemainingW|M|S|A|
1544|1|9-16|"12"""|8|6|
1544|2|5-8|"9"""|6|D6|
1544|3|1-4|"6"""|4|D3|
1564|0|RemainingW|M|BS|A|
1564|1|12-22|"20""-50"""|2+|6|
1564|2|6-11|"20""-40"""|3+|D6|
1564|3|1-5|"20""-30"""|4+|D3|
1577|2|8-14|"9"""|4+|4+|
1577|3|1-7|"6"""|5+|5+|
1577|0|RemainingW|M|WS|BS|
1577|1|15-28|"12"""|3+|3+|
1587|0|RemainingW|S|||
1587|1|8-14|8|||
1587|2|4-7|7|||
1587|3|1-3|6|||
1648|0|RemainingW|M|WS|A|
1648|1|12-22|"16"""|2+|6|
1648|2|6-11|"14"""|3+|5|
1648|3|1-5|"12"""|4+|4|
1650|3|1-3|"6"""|5+|1|
1650|0|RemainingW|M|BS|A|
1650|1|7-12|"12"""|3+|3|
1650|2|4-6|"9"""|4+|D3|
1651|2|4-6|"9"""|4+|D3|
1651|3|1-3|"6"""|5+|1|
1651|0|RemainingW|M|BS|A|
1651|1|7-12|"12"""|3+|3|
1652|0|RemainingW|M|BS|A|
1652|1|9-16|"10"""|3+|6|
1652|2|5-8|"5"""|4+|D6|
1652|3|1-4|"3"""|5+|D3|
1658|0|RemainingW|M|WS|BS|
1658|1|13-24|"10"""|3+|3+|
1658|2|7-12|"8"""|4+|4+|
1658|3|1-6|"6"""|5+|5+|
1659|0|RemainingW|M|WS|BS|
1659|1|15-28|"8"""|4+|3+|
1659|2|8-14|"6"""|5+|4+|
1659|3|1-7|"4"""|6+|5+|
1660|3|1-6|"6"""|4+|5+|
1660|2|7-12|"8"""|3+|4+|
1660|1|13-24|"10"""|2+|3+|
1660|0|RemainingW|M|WS|BS|
1661|0|RemainingW|M|WS|BS|
1661|1|13-24|"12"""|2+|3+|
1661|2|7-12|"10"""|3+|4+|
1661|3|1-6|"8"""|4+|5+|
1662|0|RemainingW|M|WS|BS|
1662|1|16-30|"8"""|4+|3+|
1662|2|8-15|"6"""|5+|4+|
1662|3|1-7|"4"""|6+|5+|
1663|3|1-3|"8"""|5+|5+|
1663|0|RemainingW|M|WS|BS|
1663|1|7-12|"12"""|3+|3+|
1663|2|4-6|"10"""|4+|4+|
1664|1|16-30|"8"""|4+|3+|
1664|2|8-15|"6"""|5+|4+|
1664|0|RemainingW|M|WS|BS|
1664|3|1-7|"4"""|6+|5+|
1665|3|1-3|"8"""|5+|5+|
1665|1|7-12|"12"""|3+|3+|
1665|0|RemainingW|M|WS|BS|
1665|2|4-6|"10"""|4+|4+|
1667|0|RemainingW|M|WS|BS|
1667|1|7-13|"10"""|3+|3+|
1667|2|4-6|"8"""|4+|4+|
1667|3|1-3|"6"""|5+|5+|
1668|0|RemainingW|M|BS|A|
1668|1|6-11|"14"""|3+|3|
1668|2|3-5|"7"""|4+|D3|
1668|3|1-2|"4"""|5+|1|
1680|0|RemainingW|M|BS|A|
1680|1|12-22|"20""-50"""|2+|6|
1680|2|6-11|"20""-40"""|3+|D6|
1680|3|1-5|"20""-30"""|4+|D3|
1720|3|1-2|"3"""|5+|1|
1720|2|3-5|"5"""|4+|D3|
1720|0|RemainingW|M|BS|A|
1720|1|6-11|"10"""|3+|3|
1750|0|RemainingW|M|BS|A|
1750|1|6-11|"10"""|3+|3|
1750|2|3-5|"5"""|4+|D3|
1750|3|1-2|"3"""|5+|1|
1990|0|RemainingW|M|BS|A|
1990|1|11-20|"10"""|4+|6|
1990|2|6-10|"7"""|5+|D6|
1990|3|1-5|"4"""|6+|D3|
1994|0|RemainingW|M|BS|A|
1994|1|7-12|"12"""|4+|3|
1994|2|4-6|"9"""|5+|D3|
1994|3|1-3|"6"""|6+|1|
2063|3|1-4|2|||
2063|2|5-9|4|||
2063|0|RemainingW|A|||
2063|1|10-18|10|||
2076|0|RemainingW|M|WS|BS|
2076|1|8-14|"8"""|2+|2+|
2076|2|4-7|"6"""|3+|3+|
2076|3|1-3|"4"""|4+|4+|
2077|0|RemainingW|M|WS|BS|
2077|1|76-100|"15"""|4+|3+|
2077|2|51-75|"12"""|5+|4+|
2077|3|26-50|"9"""|5+|4+|
2077|4|1-25|"6"""|6+|5+|
2085|3|1-2|"20-25"""|5+|1|
2085|2|3-5|"20-35"""|4+|D3|
2085|0|RemainingW|M|BS|A|
2085|1|6-10|"20-50"""|3+|3|
2086|0|RemainingW|M|BS|A|
2086|1|6-10|"20-50"""|3+|3|
2086|2|3-5|"20-35"""|4+|D3|
2086|3|1-2|"20-25"""|5+|1|
2087|0|RemainingW|M|BS|A|
2087|1|6-10|"20-50"""|3+|3|
2087|2|3-5|"20-35"""|4+|D3|
2087|3|1-2|"20-25"""|5+|1|
2115|2|4-6|"8"""|5+|2|
2115|0|RemainingW|M|WS|A|
2115|1|7-12|"10"""|4+|3|
2115|3|1-3|"6"""|6+|1|
2252|3|1-2|"8"""|5+|1|
2252|2|3-5|"12"""|4+|2|
2252|1|6-10|"16"""|3+|3|
2252|0|RemainingW|M|BS|A|
2255|0|RemainingW|M|BS|A|
2255|1|6-10|"16"""|2+|3|
2255|2|3-5|"12"""|3+|2|
2255|3|1-2|"8"""|4+|1|
2258|0|RemainingW|M|BS|A|
2258|1|6-10|"16"""|3+|3|
2258|2|3-5|"12"""|4+|2|
2258|3|1-2|"8"""|5+|1|
2266|0|RemainingW|M|BS|A|
2266|1|6-11|"12"""|3+|3|
2266|2|3-5|"6"""|4+|D3|
2266|3|1-2|"3"""|5+|1|
2267|3|1-3|"3"""|5+|1|
2267|2|4-6|"5"""|4+|D3|
2267|0|RemainingW|M|BS|A|
2267|1|7-12|"10"""|3+|3|
2268|0|RemainingW|M|BS|A|
2268|1|7-12|"10"""|3+|3|
2268|2|4-6|"5"""|4+|D3|
2268|3|1-3|"3"""|5+|1|
2269|0|RemainingW|M|BS|A|
2269|1|7-12|"10"""|3+|3|
2269|2|4-6|"5"""|4+|D3|
2269|3|1-3|"3"""|5+|1|
2270|0|RemainingW|BS|||
2270|1|8-14|4+|||
2270|2|4-7|5+|||
2270|3|1-3|6+|||
2288|3|1-2|"3"""|5+|1|
2288|2|3-5|"6"""|4+|D3|
2288|0|RemainingW|M|BS|A|
2288|1|6-11|"12"""|3+|3|
2309|0|RemainingW|M|BS|A|
2309|1|6-11|"20-50"""|3+|3|
2309|2|3-5|"20-40"""|4+|D3|
2309|3|1-2|"20-30"""|5+|1|
2310|0|RemainingW|M|BS|A|
2310|1|6-11|"20-50"""|3+|3|
2310|2|3-5|"20-40"""|4+|D3|
2310|3|1-2|"20-30"""|5+|1|
2319|3|1-3|"20-30"""|5+|1|
2319|0|RemainingW|M|BS|A|
2319|1|8-14|"20-50"""|3+|3|
2319|2|4-7|"20-40"""|4+|D3|
2324|3|1-3|"4"""|||
2324|2|4-6|"7"""|||
2324|0|RemainingW|M|||
2324|1|7-14|"10"""|||
2348|0|RemainingW|M|BS|A|
2348|1|8-14|"20-50"""|3+|6|
2348|2|4-7|"20-35"""|4+|D6|
2348|3|1-3|"20-25"""|5+|D3|
2349|2|4-7|"20-35"""|4+|D6|
2349|0|RemainingW|M|BS|A|
2349|1|8-14|"20-50"""|3+|6|
2349|3|1-3|"20-25"""|5+|D3|
2360|3|1-4|"4"""|2|Szarekh|
2360|1|9-16|"8"""|6|Szarekh|
2360|0|RemainingW|M|A|Model|
2360|2|5-8|"6"""|4|Szarekh|
2361|0|RemainingW|BS|||
2361|1|6-10|3+|||
2361|2|3-5|4+|||
2361|3|1-2|5+|||
2367|0|RemainingW|M|BS|A|
2367|1|9-18|"20-45"""|3+|6|
2367|2|5-8|"20-35"""|4+|D6|
2367|3|1-4|"20-25"""|5+|D3|
2368|0|RemainingW|M|BS|A|
2368|1|6-10|"12"""|3+|3|
2368|2|3-5|"6"""|4+|D3|
2368|3|1-2|"3"""|5+|1|
2370|3|1-2|"3"""|5+|1|
2370|2|3-5|"6"""|4+|D3|
2370|0|RemainingW|M|BS|A|
2370|1|6-10|"12"""|3+|3|
2379|0|RemainingW|M|BS|A|
2379|1|6-10|"12"""|4+|3|
2379|2|3-5|"8"""|5+|D3|
2379|3|1-2|"4"""|6+|1|
2382|0|RemainingW|M|BS|A|
2382|1|6-10|"12"""|4+|3|
2382|2|3-5|"8"""|5+|D3|
2382|3|1-2|"4"""|6+|1|
2383|0|RemainingW|M|BS|A|
2383|1|6-11|"12"""|4+|3|
2383|2|3-5|"8"""|5+|D3|
2383|3|1-2|"4"""|6+|1|
2384|3|1-3|"4"""|6+|1|
2384|2|4-6|"7"""|5+|D3|
2384|0|RemainingW|M|BS|A|
2384|1|7-12|"10"""|4+|3|
2390|0|RemainingW|M|BS|A|
2390|1|7-14|"14"""|3+|3|
2390|2|4-6|"7"""|4+|D3|
2390|3|1-3|"4"""|5+|1|
2392|0|RemainingW|M|BS|A|
2392|1|9-16|"10"""|3+|6|
2392|2|5-8|"5"""|4+|D6|
2392|3|1-4|"3"""|5+|D3|
2393|1|7-12|"9"""|3+|3+|
2393|0|RemainingW|M|WS|BS|
2393|2|4-6|"7"""|4+|4+|
2393|3|1-3|"5"""|5+|5+|
2394|3|1-3|"3"""|5+|1|
2394|2|4-7|"5"""|4+|D3|
2394|0|RemainingW|M|BS|A|
2394|1|8-14|"8"""|3+|3|
2395|3|1-3|"4"""|5+|1|
2395|0|RemainingW|M|BS|A|
2395|1|7-14|"14"""|3+|3|
2395|2|4-6|"7"""|4+|D3|
2396|2|5-8|"5"""|4+|D6|
2396|3|1-4|"3"""|5+|D3|
2396|0|RemainingW|M|BS|A|
2396|1|9-16|"10"""|3+|6|
2397|3|1-2|"3"""|5+|1|
2397|2|3-5|"6"""|4+|D3|
2397|1|6-11|"12"""|3+|3|
2397|0|RemainingW|M|BS|A|
2398|0|RemainingW|M|BS|A|
2398|1|7-14|"14"""|3+|3|
2398|2|4-6|"7"""|4+|D3|
2398|3|1-3|"4"""|5+|1|
2399|0|RemainingW|M|BS|A|
2399|1|7-14|"14"""|3+|3|
2399|2|4-6|"7"""|4+|D3|
2399|3|1-3|"4"""|5+|1|
2400|0|RemainingW|M|BS|A|
2400|1|11-20|"10"""|3+|6|
2400|2|6-10|"5"""|4+|D6|
2400|3|1-5|"3"""|5+|D3|
2401|3|1-3|"4"""|5+|5+|
2401|2|4-6|"6"""|4+|4+|
2401|0|RemainingW|M|WS|BS|
2401|1|7-12|"8"""|3+|3+|
2403|0|RemainingW|M|WS|BS|
2403|1|8-14|"8"""|3+|3+|
2403|2|4-7|"6"""|4+|4+|
2403|3|1-3|"4"""|5+|5+|
2405|0|RemainingW|M|WS|BS|
2405|1|11-20|"15"""|4+|4+|
2405|2|6-10|"10"""|5+|5+|
2405|3|1-5|"5"""|6+|6+|
2406|2|6-10|"5"""|4+|D6|
2406|3|1-5|"3"""|5+|D3|
2406|1|11-20|"10"""|3+|6|
2406|0|RemainingW|M|BS|A|
2407|0|RemainingW|M|BS|A|
2407|1|11-20|"10"""|3+|6|
2407|2|6-10|"5"""|4+|D6|
2407|3|1-5|"3"""|5+|D3|
2408|3|1-6|"3"""|5+|D3|
2408|0|RemainingW|M|BS|A|
2408|1|14-26|"10"""|3+|6|
2408|2|7-13|"5"""|4+|D6|
2409|3|1-6|"3"""|5+|D3|
2409|2|7-13|"5"""|4+|D6|
2409|1|14-26|"10"""|3+|6|
2409|0|RemainingW|M|BS|A|
2410|3|1-7|"3"""|5+|D3|
2410|0|RemainingW|M|BS|A|
2410|1|16-30|"10"""|3+|6|
2410|2|8-15|"5"""|4+|D6|
2412|2|4-7|"20""-45"""|4+|D6|
2412|3|1-3|"20""-30"""|5+|D3|
2412|0|RemainingW|M|BS|A|
2412|1|8-14|"20""-60"""|3+|6|
2413|2|5-8|"20""-35"""|4+|D6|
2413|3|1-4|"20""-25"""|5+|D3|
2413|0|RemainingW|M|BS|A|
2413|1|9-18|"20""-45"""|3+|6|
2414|1|9-18|"20""-45"""|3+|6|
2414|2|5-8|"20""-35"""|4+|D6|
2414|0|RemainingW|M|BS|A|
2414|3|1-4|"20""-25"""|5+|D3|
2415|3|1-7|"20""-30"""|5+|D3|
2415|2|8-15|"20""-40"""|4+|D6|
2415|1|16-30|"20""-50"""|3+|6|
2415|0|RemainingW|M|BS|A|
2416|0|RemainingW|M|BS|A|
2416|1|21-40|"20-50"""|3+|6|
2416|2|11-20|"20-40"""|4+|D6|
2416|3|1-10|"20-30"""|5+|D3|
2417|0|RemainingW|M|BS|A|
2417|1|7-12|"20""-60"""|3+|3|
2417|2|4-6|"20""-45"""|4+|D3|
2417|3|1-3|"20""-30"""|5+|1|
2419|0|RemainingW|M|BS|A|
2419|1|9-16|"10"""|3+|6|
2419|2|5-8|"5"""|4+|D6|
2419|3|1-4|"3"""|5+|D3|
2421|3|1-3|"5"""|5+|5+|
2421|2|4-6|"7"""|4+|4+|
2421|0|RemainingW|M|WS|BS|
2421|1|7-12|"9"""|3+|3+|
2422|0|RemainingW|M|BS|A|
2422|1|8-14|"8"""|3+|3|
2422|2|4-7|"5"""|4+|D3|
2422|3|1-3|"3"""|5+|1|
2423|0|RemainingW|M|BS|A|
2423|1|7-14|"14"""|3+|3|
2423|2|4-6|"7"""|4+|D3|
2423|3|1-3|"4"""|5+|1|
2424|0|RemainingW|M|BS|A|
2424|1|9-16|"10"""|3+|6|
2424|2|5-8|"5"""|4+|D6|
2424|3|1-4|"3"""|5+|D3|
2425|3|1-2|"3"""|5+|1|
2425|2|3-5|"6"""|4+|D3|
2425|0|RemainingW|M|BS|A|
2425|1|6-11|"12"""|3+|3|
2426|0|RemainingW|M|BS|A|
2426|1|7-14|"14"""|3+|3|
2426|2|4-6|"7"""|4+|D3|
2426|3|1-3|"4"""|5+|1|
2427|0|RemainingW|M|BS|A|
2427|1|7-14|"14"""|3+|3|
2427|2|4-6|"7"""|4+|D3|
2427|3|1-3|"4"""|5+|1|
2428|3|1-5|"3"""|5+|D3|
2428|0|RemainingW|M|BS|A|
2428|1|11-20|"10"""|3+|6|
2428|2|6-10|"5"""|4+|D6|
2429|3|1-3|"4"""|5+|5+|
2429|2|4-6|"6"""|4+|4+|
2429|0|RemainingW|M|WS|BS|
2429|1|7-12|"8"""|3+|3+|
2431|0|RemainingW|M|WS|BS|
2431|1|8-14|"8"""|3+|3+|
2431|2|4-7|"6"""|4+|4+|
2431|3|1-3|"4"""|5+|5+|
2433|2|6-10|"10"""|5+|5+|
2433|0|RemainingW|M|WS|BS|
2433|1|11-20|"15"""|4+|4+|
2433|3|1-5|"5"""|6+|6+|
2434|3|1-5|"3"""|5+|D3|
2434|2|6-10|"5"""|4+|D6|
2434|0|RemainingW|M|BS|A|
2434|1|11-20|"10"""|3+|6|
2435|0|RemainingW|M|BS|A|
2435|1|11-20|"10"""|3+|6|
2435|2|6-10|"5"""|4+|D6|
2435|3|1-5|"3"""|5+|D3|
2436|0|RemainingW|M|BS|A|
2436|1|14-26|"10"""|3+|6|
2436|2|7-13|"5"""|4+|D6|
2436|3|1-6|"3"""|5+|D3|
2437|0|RemainingW|M|BS|A|
2437|1|14-26|"10"""|3+|6|
2437|2|7-13|"5"""|4+|D6|
2437|3|1-6|"3"""|5+|D3|
2438|3|1-7|"3"""|5+|D3|
2438|2|8-15|"5"""|4+|D6|
2438|0|RemainingW|M|BS|A|
2438|1|16-30|"10"""|3+|6|
2440|0|RemainingW|M|BS|A|
2440|1|8-14|"20""-60"""|3+|6|
2440|2|4-7|"20""-45"""|4+|D6|
2440|3|1-3|"20""-30"""|5+|D3|
2441|0|RemainingW|M|BS|A|
2441|1|9-18|"20""-45"""|3+|6|
2441|2|5-8|"20""-35"""|4+|D6|
2441|3|1-4|"20""-25"""|5+|D3|
2442|3|1-4|"20""-25"""|5+|D3|
2442|2|5-8|"20""-35"""|4+|D6|
2442|1|9-18|"20""-45"""|3+|6|
2442|0|RemainingW|M|BS|A|
2443|0|RemainingW|M|BS|A|
2443|1|16-30|"20""-50"""|3+|6|
2443|2|8-15|"20""-40"""|4+|D6|
2443|3|1-7|"20""-30"""|5+|D3|
2444|0|RemainingW|M|BS|A|
2444|1|21-40|"20-50"""|3+|6|
2444|2|11-20|"20-40"""|4+|D6|
2444|3|1-10|"20-30"""|5+|D3|
2445|2|4-6|"20""-45"""|4+|D3|
2445|3|1-3|"20""-30"""|5+|1|
2445|0|RemainingW|M|BS|A|
2445|1|7-12|"20""-60"""|3+|3|
2446|0|RemainingW|M|BS|A|
2446|1|6-11|"12"""|3+|3|
2446|2|3-5|"6"""|4+|2|
2446|3|1-2|"3"""|5+|1|
2447|0|RemainingW|M|BS|A|
2447|1|6-11|"12"""|3+|3|
2447|2|3-5|"6"""|4+|2|
2447|3|1-2|"3"""|5+|1|
2448|3|13-25|"12"""|5+|4+|
2448|0|RemainingW|M|WS|BS|
2448|1|38-50|"20"""|4+|3+|
2448|2|26-37|"16"""|5+|4+|
2448|4|1-12|"8"""|6+|5+|
2449|3|18-35|"10"""|5+|4+|
2449|2|36-52|"14"""|4+|4+|
2449|4|1-17|"6"""|6+|5+|
2449|0|RemainingW|M|WS|BS|
2449|1|53-70|"18"""|4+|3+|
2450|0|RemainingW|M|WS|BS|
2450|1|76-100|"15"""|4+|3+|
2450|2|51-75|"12"""|5+|4+|
2450|3|26-50|"9"""|5+|4+|
2450|4|1-25|"6"""|6+|5+|
2451|0|RemainingW|M|WS|BS|
2451|1|91-120|"12"""|4+|3+|
2451|2|61-90|"10"""|4+|4+|
2451|3|31-60|"8"""|5+|4+|
2451|4|1-30|"6"""|6+|5+|
2453|1|9-16|"8"""|3+|5|
2453|3|1-4|"4"""|5+|3|
2453|0|RemainingW|M|WS|A|
2453|2|5-8|"6"""|4+|4|
2454|0|RemainingW|M|BS|A|
2454|1|8-14|"12"""|4+|3|
2454|2|4-7|"8"""|5+|D3|
2454|3|1-3|"4"""|6+|1|
2461|0|RemainingW|M|BS|A|
2461|1|6-11|"12"""|3+|3|
2461|2|3-5|"6"""|4+|D3|
2461|3|1-2|"3"""|5+|1|
2462|3|1-3|5|||
2462|0|RemainingW|S|||
2462|1|7-12|7|||
2462|2|4-6|6|||
2484|3|1-2|"3"""|5+|1|
2484|2|3-5|"6"""|4+|D3|
2484|0|RemainingW|M|BS|A|
2484|1|6-11|"12"""|3+|3|
2497|0|RemainingW|M|S|A|
2497|1|9-16|"12"""|6|6|
2497|2|5-8|"9"""|5|D6|
2497|3|1-4|"6"""|4|D3|
2498|0|RemainingW|M|S|A|
2498|1|9-16|"12"""|6|6|
2498|2|5-8|"9"""|5|D6|
2498|3|1-4|"6"""|4|D3|
2499|0|RemainingW|BS|||
2499|1|7-12|5+|||
2499|2|4-6|5+|||
2499|3|1-3|6+|||
2501|3|1-2|"3"""|5+|1|
2501|2|3-5|"6"""|4+|D3|
2501|1|6-11|"12"""|3+|3|
2501|0|RemainingW|M|BS|A|
2510|0|RemainingW|M|S|A|
2510|1|6-10|"12"""|6|3|
2510|2|3-5|"8"""|5|D3|
2510|3|1-2|"6"""|4|1|
2511|0|RemainingW|M|S|A|
2511|1|7-12|"10"""|7|3|
2511|2|4-6|"7"""|6|D3|
2511|3|1-3|"4"""|5|1|
2512|0|RemainingW|M|S|A|
2512|1|14-26|"10"""|9|9|
2512|2|7-13|"7"""|8|6|
2512|3|1-6|"4"""|7|3|
2524|3|1-2|"3"""|5+|1|
2524|2|3-5|"6"""|4+|D3|
2524|0|RemainingW|M|BS|A|
2524|1|6-10|"12"""|3+|3|
2528|0|RemainingW|M|WS|BS|
2528|1|7-12|"16"""|2+|2+|
2528|2|4-6|"12"""|3+|3+|
2528|3|1-3|"8"""|4+|4+|
2544|0|RemainingW|M|S|A|
2544|1|7-12|"10"""|7|6|
2544|2|4-6|"9"""|6|5|
2544|3|1-3|"8"""|5|4|
2546|3|1-2|"6"""|5+|1|
2546|0|RemainingW|M|BS|A|
2546|1|6-10|"14"""|3+|3|
2546|2|3-5|"10"""|4+|D3|
2550|3|1-2|"20-32"""|5+|1|
2550|2|3-5|"20-48"""|4+|D3|
2550|0|RemainingW|M|BS|A|
2550|1|6-10|"20-72"""|3+|3|
2551|0|RemainingW|M|BS|A|
2551|1|7-12|"20-60"""|3+|3|
2551|2|4-6|"20-40"""|4+|D3|
2551|3|1-3|"20-25"""|5+|1|
2553|2|3-5|"10"""|4+|D3|
2553|0|RemainingW|M|BS|A|
2553|1|6-11|"14"""|3+|3|
2553|3|1-2|"6"""|5+|1|
2562|3|1-3|"8"""|5+|5+|
2562|2|4-6|"10"""|4+|4+|
2562|1|7-12|"12"""|3+|3+|
2562|0|RemainingW|M|WS|BS|
2563|0|RemainingW|M|WS|BS|
2563|1|7-12|"12"""|3+|3+|
2563|2|4-6|"10"""|4+|4+|
2563|3|1-3|"8"""|5+|5+|
2564|0|RemainingW|M|WS|BS|
2564|1|7-12|"14"""|2+|3+|
2564|2|4-6|"12"""|3+|4+|
2564|3|1-3|"10"""|4+|5+|
2565|2|4-6|"10"""|4+|4+|
2565|3|1-3|"8"""|5+|5+|
2565|0|RemainingW|M|WS|BS|
2565|1|7-12|"12"""|3+|3+|
2566|0|RemainingW|M|WS|BS|
2566|1|7-12|"12"""|3+|3+|
2566|2|4-6|"10"""|4+|4+|
2566|3|1-3|"8"""|5+|5+|
2567|0|RemainingW|M|WS|BS|
2567|1|13-24|"10"""|3+|3+|
2567|2|7-12|"8"""|4+|4+|
2567|3|1-6|"6"""|5+|5+|
2568|3|1-4|"3"""|5+|D3|
2568|0|RemainingW|M|BS|A|
2568|1|10-18|"10"""|3+|6|
2568|2|5-9|"5"""|4+|D6|
2572|2|3-5|"6"""|4+|D3|
2572|3|1-2|"3"""|5+|1|
2572|0|RemainingW|M|BS|A|
2572|1|6-11|"12"""|3+|3|
2582|2|6-10|"10"""|3+|7|
2582|3|1-5|"8"""|4+|6|
2582|0|RemainingW|M|WS|A|
2582|1|11-20|"12"""|2+|8|
2604|1|9-16|"10"""|3+|6|
2604|2|5-8|"8"""|4+|D6|
2604|0|RemainingW|M|BS|A|
2604|3|1-4|"6"""|5+|3|
